1	451
1	452
1	453
1	454
1	455
1	456
1	457
1	458
1	459
1	460
2	451
2	452
2	453
2	454
2	455
2	456
2	457
2	458
2	459
2	460
3	451
3	452
3	453
3	454
3	455
3	456
3	457
3	458
3	459
3	460
4	451
4	452
4	453
4	454
4	455
4	456
4	457
4	458
4	459
4	460
5	451
5	452
5	453
5	454
5	455
5	456
5	457
5	458
5	459
5	460
6	451
6	452
6	453
6	454
6	455
6	456
6	457
6	458
6	459
6	460
7	451
7	452
7	453
7	454
7	455
7	456
7	457
7	458
7	459
7	460
8	451
8	452
8	453
8	454
8	455
8	456
8	457
8	458
8	459
8	460
9	451
9	452
9	453
9	454
9	455
9	456
9	457
9	458
9	459
9	460
10	451
10	452
10	453
10	454
10	455
10	456
10	457
10	458
10	459
10	460
11	451
11	452
11	453
11	454
11	455
11	456
11	457
11	458
11	459
11	460
12	451
12	452
12	453
12	454
12	455
12	456
12	457
12	458
12	459
12	460
13	451
13	452
13	453
13	454
13	455
13	456
13	457
13	458
13	459
13	460
14	451
14	452
14	453
14	454
14	455
14	456
14	457
14	458
14	459
14	460
15	451
15	452
15	453
15	454
15	455
15	456
15	457
15	458
15	459
15	460
16	451
16	452
16	453
16	454
16	455
16	456
16	457
16	458
16	459
16	460
17	451
17	452
17	453
17	454
17	455
17	456
17	457
17	458
17	459
17	460
18	451
18	452
18	453
18	454
18	455
18	456
18	457
18	458
18	459
18	460
19	451
19	452
19	453
19	454
19	455
19	456
19	457
19	458
19	459
19	460
20	451
20	452
20	453
20	454
20	455
20	456
20	457
20	458
20	459
20	460
21	451
21	452
21	453
21	454
21	455
21	456
21	457
21	458
21	459
21	460
22	451
22	452
22	453
22	454
22	455
22	456
22	457
22	458
22	459
22	460
23	451
23	452
23	453
23	454
23	455
23	456
23	457
23	458
23	459
23	460
24	451
24	452
24	453
24	454
24	455
24	456
24	457
24	458
24	459
24	460
25	451
25	452
25	453
25	454
25	455
25	456
25	457
25	458
25	459
25	460
26	451
26	452
26	453
26	454
26	455
26	456
26	457
26	458
26	459
26	460
27	451
27	452
27	453
27	454
27	455
27	456
27	457
27	458
27	459
27	460
28	451
28	452
28	453
28	454
28	455
28	456
28	457
28	458
28	459
28	460
29	451
29	452
29	453
29	454
29	455
29	456
29	457
29	458
29	459
29	460
30	451
30	452
30	453
30	454
30	455
30	456
30	457
30	458
30	459
30	460
31	451
31	452
31	453
31	454
31	455
31	456
31	457
31	458
31	459
31	460
32	451
32	452
32	453
32	454
32	455
32	456
32	457
32	458
32	459
32	460
33	451
33	452
33	453
33	454
33	455
33	456
33	457
33	458
33	459
33	460
34	451
34	452
34	453
34	454
34	455
34	456
34	457
34	458
34	459
34	460
35	451
35	452
35	453
35	454
35	455
35	456
35	457
35	458
35	459
35	460
36	451
36	452
36	453
36	454
36	455
36	456
36	457
36	458
36	459
36	460
37	451
37	452
37	453
37	454
37	455
37	456
37	457
37	458
37	459
37	460
38	451
38	452
38	453
38	454
38	455
38	456
38	457
38	458
38	459
38	460
39	451
39	452
39	453
39	454
39	455
39	456
39	457
39	458
39	459
39	460
40	451
40	452
40	453
40	454
40	455
40	456
40	457
40	458
40	459
40	460
41	451
41	452
41	453
41	454
41	455
41	456
41	457
41	458
41	459
41	460
42	451
42	452
42	453
42	454
42	455
42	456
42	457
42	458
42	459
42	460
43	451
43	452
43	453
43	454
43	455
43	456
43	457
43	458
43	459
43	460
44	451
44	452
44	453
44	454
44	455
44	456
44	457
44	458
44	459
44	460
45	451
45	452
45	453
45	454
45	455
45	456
45	457
45	458
45	459
45	460
46	451
46	452
46	453
46	454
46	455
46	456
46	457
46	458
46	459
46	460
47	451
47	452
47	453
47	454
47	455
47	456
47	457
47	458
47	459
47	460
48	451
48	452
48	453
48	454
48	455
48	456
48	457
48	458
48	459
48	460
49	451
49	452
49	453
49	454
49	455
49	456
49	457
49	458
49	459
49	460
50	451
50	452
50	453
50	454
50	455
50	456
50	457
50	458
50	459
50	460
51	451
51	452
51	453
51	454
51	455
51	456
51	457
51	458
51	459
51	460
52	451
52	452
52	453
52	454
52	455
52	456
52	457
52	458
52	459
52	460
53	451
53	452
53	453
53	454
53	455
53	456
53	457
53	458
53	459
53	460
54	451
54	452
54	453
54	454
54	455
54	456
54	457
54	458
54	459
54	460
55	451
55	452
55	453
55	454
55	455
55	456
55	457
55	458
55	459
55	460
56	451
56	452
56	453
56	454
56	455
56	456
56	457
56	458
56	459
56	460
57	451
57	452
57	453
57	454
57	455
57	456
57	457
57	458
57	459
57	460
58	451
58	452
58	453
58	454
58	455
58	456
58	457
58	458
58	459
58	460
59	451
59	452
59	453
59	454
59	455
59	456
59	457
59	458
59	459
59	460
60	451
60	452
60	453
60	454
60	455
60	456
60	457
60	458
60	459
60	460
61	451
61	452
61	453
61	454
61	455
61	456
61	457
61	458
61	459
61	460
62	451
62	452
62	453
62	454
62	455
62	456
62	457
62	458
62	459
62	460
63	451
63	452
63	453
63	454
63	455
63	456
63	457
63	458
63	459
63	460
64	451
64	452
64	453
64	454
64	455
64	456
64	457
64	458
64	459
64	460
65	451
65	452
65	453
65	454
65	455
65	456
65	457
65	458
65	459
65	460
66	451
66	452
66	453
66	454
66	455
66	456
66	457
66	458
66	459
66	460
67	451
67	452
67	453
67	454
67	455
67	456
67	457
67	458
67	459
67	460
68	451
68	452
68	453
68	454
68	455
68	456
68	457
68	458
68	459
68	460
69	451
69	452
69	453
69	454
69	455
69	456
69	457
69	458
69	459
69	460
70	451
70	452
70	453
70	454
70	455
70	456
70	457
70	458
70	459
70	460
71	451
71	452
71	453
71	454
71	455
71	456
71	457
71	458
71	459
71	460
72	451
72	452
72	453
72	454
72	455
72	456
72	457
72	458
72	459
72	460
73	451
73	452
73	453
73	454
73	455
73	456
73	457
73	458
73	459
73	460
74	451
74	452
74	453
74	454
74	455
74	456
74	457
74	458
74	459
74	460
75	451
75	452
75	453
75	454
75	455
75	456
75	457
75	458
75	459
75	460
76	451
76	452
76	453
76	454
76	455
76	456
76	457
76	458
76	459
76	460
77	451
77	452
77	453
77	454
77	455
77	456
77	457
77	458
77	459
77	460
78	451
78	452
78	453
78	454
78	455
78	456
78	457
78	458
78	459
78	460
79	451
79	452
79	453
79	454
79	455
79	456
79	457
79	458
79	459
79	460
80	451
80	452
80	453
80	454
80	455
80	456
80	457
80	458
80	459
80	460
81	451
81	452
81	453
81	454
81	455
81	456
81	457
81	458
81	459
81	460
82	451
82	452
82	453
82	454
82	455
82	456
82	457
82	458
82	459
82	460
83	451
83	452
83	453
83	454
83	455
83	456
83	457
83	458
83	459
83	460
84	451
84	452
84	453
84	454
84	455
84	456
84	457
84	458
84	459
84	460
85	451
85	452
85	453
85	454
85	455
85	456
85	457
85	458
85	459
85	460
86	451
86	452
86	453
86	454
86	455
86	456
86	457
86	458
86	459
86	460
87	451
87	452
87	453
87	454
87	455
87	456
87	457
87	458
87	459
87	460
88	451
88	452
88	453
88	454
88	455
88	456
88	457
88	458
88	459
88	460
89	451
89	452
89	453
89	454
89	455
89	456
89	457
89	458
89	459
89	460
90	451
90	452
90	453
90	454
90	455
90	456
90	457
90	458
90	459
90	460
91	451
91	452
91	453
91	454
91	455
91	456
91	457
91	458
91	459
91	460
92	451
92	452
92	453
92	454
92	455
92	456
92	457
92	458
92	459
92	460
93	451
93	452
93	453
93	454
93	455
93	456
93	457
93	458
93	459
93	460
94	451
94	452
94	453
94	454
94	455
94	456
94	457
94	458
94	459
94	460
95	451
95	452
95	453
95	454
95	455
95	456
95	457
95	458
95	459
95	460
96	451
96	452
96	453
96	454
96	455
96	456
96	457
96	458
96	459
96	460
97	451
97	452
97	453
97	454
97	455
97	456
97	457
97	458
97	459
97	460
98	451
98	452
98	453
98	454
98	455
98	456
98	457
98	458
98	459
98	460
99	451
99	452
99	453
99	454
99	455
99	456
99	457
99	458
99	459
99	460
100	451
100	452
100	453
100	454
100	455
100	456
100	457
100	458
100	459
100	460
101	451
101	452
101	453
101	454
101	455
101	456
101	457
101	458
101	459
101	460
102	451
102	452
102	453
102	454
102	455
102	456
102	457
102	458
102	459
102	460
103	451
103	452
103	453
103	454
103	455
103	456
103	457
103	458
103	459
103	460
104	451
104	452
104	453
104	454
104	455
104	456
104	457
104	458
104	459
104	460
105	451
105	452
105	453
105	454
105	455
105	456
105	457
105	458
105	459
105	460
106	451
106	452
106	453
106	454
106	455
106	456
106	457
106	458
106	459
106	460
107	451
107	452
107	453
107	454
107	455
107	456
107	457
107	458
107	459
107	460
108	451
108	452
108	453
108	454
108	455
108	456
108	457
108	458
108	459
108	460
109	451
109	452
109	453
109	454
109	455
109	456
109	457
109	458
109	459
109	460
110	451
110	452
110	453
110	454
110	455
110	456
110	457
110	458
110	459
110	460
111	451
111	452
111	453
111	454
111	455
111	456
111	457
111	458
111	459
111	460
112	451
112	452
112	453
112	454
112	455
112	456
112	457
112	458
112	459
112	460
113	451
113	452
113	453
113	454
113	455
113	456
113	457
113	458
113	459
113	460
114	451
114	452
114	453
114	454
114	455
114	456
114	457
114	458
114	459
114	460
115	451
115	452
115	453
115	454
115	455
115	456
115	457
115	458
115	459
115	460
116	451
116	452
116	453
116	454
116	455
116	456
116	457
116	458
116	459
116	460
117	451
117	452
117	453
117	454
117	455
117	456
117	457
117	458
117	459
117	460
118	451
118	452
118	453
118	454
118	455
118	456
118	457
118	458
118	459
118	460
119	451
119	452
119	453
119	454
119	455
119	456
119	457
119	458
119	459
119	460
120	451
120	452
120	453
120	454
120	455
120	456
120	457
120	458
120	459
120	460
121	451
121	452
121	453
121	454
121	455
121	456
121	457
121	458
121	459
121	460
122	451
122	452
122	453
122	454
122	455
122	456
122	457
122	458
122	459
122	460
123	451
123	452
123	453
123	454
123	455
123	456
123	457
123	458
123	459
123	460
124	451
124	452
124	453
124	454
124	455
124	456
124	457
124	458
124	459
124	460
125	451
125	452
125	453
125	454
125	455
125	456
125	457
125	458
125	459
125	460
126	451
126	452
126	453
126	454
126	455
126	456
126	457
126	458
126	459
126	460
127	451
127	452
127	453
127	454
127	455
127	456
127	457
127	458
127	459
127	460
128	451
128	452
128	453
128	454
128	455
128	456
128	457
128	458
128	459
128	460
129	451
129	452
129	453
129	454
129	455
129	456
129	457
129	458
129	459
129	460
130	451
130	452
130	453
130	454
130	455
130	456
130	457
130	458
130	459
130	460
131	451
131	452
131	453
131	454
131	455
131	456
131	457
131	458
131	459
131	460
132	451
132	452
132	453
132	454
132	455
132	456
132	457
132	458
132	459
132	460
133	451
133	452
133	453
133	454
133	455
133	456
133	457
133	458
133	459
133	460
134	451
134	452
134	453
134	454
134	455
134	456
134	457
134	458
134	459
134	460
135	451
135	452
135	453
135	454
135	455
135	456
135	457
135	458
135	459
135	460
136	451
136	452
136	453
136	454
136	455
136	456
136	457
136	458
136	459
136	460
137	451
137	452
137	453
137	454
137	455
137	456
137	457
137	458
137	459
137	460
138	451
138	452
138	453
138	454
138	455
138	456
138	457
138	458
138	459
138	460
139	451
139	452
139	453
139	454
139	455
139	456
139	457
139	458
139	459
139	460
140	451
140	452
140	453
140	454
140	455
140	456
140	457
140	458
140	459
140	460
141	451
141	452
141	453
141	454
141	455
141	456
141	457
141	458
141	459
141	460
142	451
142	452
142	453
142	454
142	455
142	456
142	457
142	458
142	459
142	460
143	451
143	452
143	453
143	454
143	455
143	456
143	457
143	458
143	459
143	460
144	451
144	452
144	453
144	454
144	455
144	456
144	457
144	458
144	459
144	460
145	451
145	452
145	453
145	454
145	455
145	456
145	457
145	458
145	459
145	460
146	451
146	452
146	453
146	454
146	455
146	456
146	457
146	458
146	459
146	460
147	451
147	452
147	453
147	454
147	455
147	456
147	457
147	458
147	459
147	460
148	451
148	452
148	453
148	454
148	455
148	456
148	457
148	458
148	459
148	460
149	451
149	452
149	453
149	454
149	455
149	456
149	457
149	458
149	459
149	460
150	451
150	452
150	453
150	454
150	455
150	456
150	457
150	458
150	459
150	460
151	451
151	452
151	453
151	454
151	455
151	456
151	457
151	458
151	459
151	460
152	451
152	452
152	453
152	454
152	455
152	456
152	457
152	458
152	459
152	460
153	451
153	452
153	453
153	454
153	455
153	456
153	457
153	458
153	459
153	460
154	451
154	452
154	453
154	454
154	455
154	456
154	457
154	458
154	459
154	460
155	451
155	452
155	453
155	454
155	455
155	456
155	457
155	458
155	459
155	460
156	451
156	452
156	453
156	454
156	455
156	456
156	457
156	458
156	459
156	460
157	451
157	452
157	453
157	454
157	455
157	456
157	457
157	458
157	459
157	460
158	451
158	452
158	453
158	454
158	455
158	456
158	457
158	458
158	459
158	460
159	451
159	452
159	453
159	454
159	455
159	456
159	457
159	458
159	459
159	460
160	451
160	452
160	453
160	454
160	455
160	456
160	457
160	458
160	459
160	460
161	451
161	452
161	453
161	454
161	455
161	456
161	457
161	458
161	459
161	460
162	451
162	452
162	453
162	454
162	455
162	456
162	457
162	458
162	459
162	460
163	451
163	452
163	453
163	454
163	455
163	456
163	457
163	458
163	459
163	460
164	451
164	452
164	453
164	454
164	455
164	456
164	457
164	458
164	459
164	460
165	451
165	452
165	453
165	454
165	455
165	456
165	457
165	458
165	459
165	460
166	451
166	452
166	453
166	454
166	455
166	456
166	457
166	458
166	459
166	460
167	451
167	452
167	453
167	454
167	455
167	456
167	457
167	458
167	459
167	460
168	451
168	452
168	453
168	454
168	455
168	456
168	457
168	458
168	459
168	460
169	451
169	452
169	453
169	454
169	455
169	456
169	457
169	458
169	459
169	460
170	451
170	452
170	453
170	454
170	455
170	456
170	457
170	458
170	459
170	460
171	451
171	452
171	453
171	454
171	455
171	456
171	457
171	458
171	459
171	460
172	451
172	452
172	453
172	454
172	455
172	456
172	457
172	458
172	459
172	460
173	451
173	452
173	453
173	454
173	455
173	456
173	457
173	458
173	459
173	460
174	451
174	452
174	453
174	454
174	455
174	456
174	457
174	458
174	459
174	460
175	451
175	452
175	453
175	454
175	455
175	456
175	457
175	458
175	459
175	460
176	451
176	452
176	453
176	454
176	455
176	456
176	457
176	458
176	459
176	460
177	451
177	452
177	453
177	454
177	455
177	456
177	457
177	458
177	459
177	460
178	451
178	452
178	453
178	454
178	455
178	456
178	457
178	458
178	459
178	460
179	451
179	452
179	453
179	454
179	455
179	456
179	457
179	458
179	459
179	460
180	451
180	452
180	453
180	454
180	455
180	456
180	457
180	458
180	459
180	460
181	451
181	452
181	453
181	454
181	455
181	456
181	457
181	458
181	459
181	460
182	451
182	452
182	453
182	454
182	455
182	456
182	457
182	458
182	459
182	460
183	451
183	452
183	453
183	454
183	455
183	456
183	457
183	458
183	459
183	460
184	451
184	452
184	453
184	454
184	455
184	456
184	457
184	458
184	459
184	460
185	451
185	452
185	453
185	454
185	455
185	456
185	457
185	458
185	459
185	460
186	451
186	452
186	453
186	454
186	455
186	456
186	457
186	458
186	459
186	460
187	451
187	452
187	453
187	454
187	455
187	456
187	457
187	458
187	459
187	460
188	451
188	452
188	453
188	454
188	455
188	456
188	457
188	458
188	459
188	460
189	451
189	452
189	453
189	454
189	455
189	456
189	457
189	458
189	459
189	460
190	451
190	452
190	453
190	454
190	455
190	456
190	457
190	458
190	459
190	460
191	451
191	452
191	453
191	454
191	455
191	456
191	457
191	458
191	459
191	460
192	451
192	452
192	453
192	454
192	455
192	456
192	457
192	458
192	459
192	460
193	451
193	452
193	453
193	454
193	455
193	456
193	457
193	458
193	459
193	460
194	451
194	452
194	453
194	454
194	455
194	456
194	457
194	458
194	459
194	460
195	451
195	452
195	453
195	454
195	455
195	456
195	457
195	458
195	459
195	460
196	451
196	452
196	453
196	454
196	455
196	456
196	457
196	458
196	459
196	460
197	451
197	452
197	453
197	454
197	455
197	456
197	457
197	458
197	459
197	460
198	451
198	452
198	453
198	454
198	455
198	456
198	457
198	458
198	459
198	460
199	451
199	452
199	453
199	454
199	455
199	456
199	457
199	458
199	459
199	460
200	451
200	452
200	453
200	454
200	455
200	456
200	457
200	458
200	459
200	460
201	451
201	452
201	453
201	454
201	455
201	456
201	457
201	458
201	459
201	460
202	451
202	452
202	453
202	454
202	455
202	456
202	457
202	458
202	459
202	460
203	451
203	452
203	453
203	454
203	455
203	456
203	457
203	458
203	459
203	460
204	451
204	452
204	453
204	454
204	455
204	456
204	457
204	458
204	459
204	460
205	451
205	452
205	453
205	454
205	455
205	456
205	457
205	458
205	459
205	460
206	451
206	452
206	453
206	454
206	455
206	456
206	457
206	458
206	459
206	460
207	451
207	452
207	453
207	454
207	455
207	456
207	457
207	458
207	459
207	460
208	451
208	452
208	453
208	454
208	455
208	456
208	457
208	458
208	459
208	460
209	451
209	452
209	453
209	454
209	455
209	456
209	457
209	458
209	459
209	460
210	451
210	452
210	453
210	454
210	455
210	456
210	457
210	458
210	459
210	460
211	451
211	452
211	453
211	454
211	455
211	456
211	457
211	458
211	459
211	460
212	451
212	452
212	453
212	454
212	455
212	456
212	457
212	458
212	459
212	460
213	451
213	452
213	453
213	454
213	455
213	456
213	457
213	458
213	459
213	460
214	451
214	452
214	453
214	454
214	455
214	456
214	457
214	458
214	459
214	460
215	451
215	452
215	453
215	454
215	455
215	456
215	457
215	458
215	459
215	460
216	451
216	452
216	453
216	454
216	455
216	456
216	457
216	458
216	459
216	460
217	451
217	452
217	453
217	454
217	455
217	456
217	457
217	458
217	459
217	460
218	451
218	452
218	453
218	454
218	455
218	456
218	457
218	458
218	459
218	460
219	451
219	452
219	453
219	454
219	455
219	456
219	457
219	458
219	459
219	460
220	451
220	452
220	453
220	454
220	455
220	456
220	457
220	458
220	459
220	460
221	451
221	452
221	453
221	454
221	455
221	456
221	457
221	458
221	459
221	460
222	451
222	452
222	453
222	454
222	455
222	456
222	457
222	458
222	459
222	460
223	451
223	452
223	453
223	454
223	455
223	456
223	457
223	458
223	459
223	460
224	451
224	452
224	453
224	454
224	455
224	456
224	457
224	458
224	459
224	460
225	451
225	452
225	453
225	454
225	455
225	456
225	457
225	458
225	459
225	460
226	451
226	452
226	453
226	454
226	455
226	456
226	457
226	458
226	459
226	460
227	451
227	452
227	453
227	454
227	455
227	456
227	457
227	458
227	459
227	460
228	451
228	452
228	453
228	454
228	455
228	456
228	457
228	458
228	459
228	460
229	451
229	452
229	453
229	454
229	455
229	456
229	457
229	458
229	459
229	460
230	451
230	452
230	453
230	454
230	455
230	456
230	457
230	458
230	459
230	460
231	451
231	452
231	453
231	454
231	455
231	456
231	457
231	458
231	459
231	460
232	451
232	452
232	453
232	454
232	455
232	456
232	457
232	458
232	459
232	460
233	451
233	452
233	453
233	454
233	455
233	456
233	457
233	458
233	459
233	460
234	451
234	452
234	453
234	454
234	455
234	456
234	457
234	458
234	459
234	460
235	451
235	452
235	453
235	454
235	455
235	456
235	457
235	458
235	459
235	460
236	451
236	452
236	453
236	454
236	455
236	456
236	457
236	458
236	459
236	460
237	451
237	452
237	453
237	454
237	455
237	456
237	457
237	458
237	459
237	460
238	451
238	452
238	453
238	454
238	455
238	456
238	457
238	458
238	459
238	460
239	451
239	452
239	453
239	454
239	455
239	456
239	457
239	458
239	459
239	460
240	451
240	452
240	453
240	454
240	455
240	456
240	457
240	458
240	459
240	460
241	451
241	452
241	453
241	454
241	455
241	456
241	457
241	458
241	459
241	460
242	451
242	452
242	453
242	454
242	455
242	456
242	457
242	458
242	459
242	460
243	451
243	452
243	453
243	454
243	455
243	456
243	457
243	458
243	459
243	460
244	451
244	452
244	453
244	454
244	455
244	456
244	457
244	458
244	459
244	460
245	451
245	452
245	453
245	454
245	455
245	456
245	457
245	458
245	459
245	460
246	451
246	452
246	453
246	454
246	455
246	456
246	457
246	458
246	459
246	460
247	451
247	452
247	453
247	454
247	455
247	456
247	457
247	458
247	459
247	460
248	451
248	452
248	453
248	454
248	455
248	456
248	457
248	458
248	459
248	460
249	451
249	452
249	453
249	454
249	455
249	456
249	457
249	458
249	459
249	460
250	451
250	452
250	453
250	454
250	455
250	456
250	457
250	458
250	459
250	460
251	451
251	452
251	453
251	454
251	455
251	456
251	457
251	458
251	459
251	460
252	451
252	452
252	453
252	454
252	455
252	456
252	457
252	458
252	459
252	460
253	451
253	452
253	453
253	454
253	455
253	456
253	457
253	458
253	459
253	460
254	451
254	452
254	453
254	454
254	455
254	456
254	457
254	458
254	459
254	460
255	451
255	452
255	453
255	454
255	455
255	456
255	457
255	458
255	459
255	460
256	451
256	452
256	453
256	454
256	455
256	456
256	457
256	458
256	459
256	460
257	451
257	452
257	453
257	454
257	455
257	456
257	457
257	458
257	459
257	460
258	451
258	452
258	453
258	454
258	455
258	456
258	457
258	458
258	459
258	460
259	451
259	452
259	453
259	454
259	455
259	456
259	457
259	458
259	459
259	460
260	451
260	452
260	453
260	454
260	455
260	456
260	457
260	458
260	459
260	460
261	451
261	452
261	453
261	454
261	455
261	456
261	457
261	458
261	459
261	460
262	451
262	452
262	453
262	454
262	455
262	456
262	457
262	458
262	459
262	460
263	451
263	452
263	453
263	454
263	455
263	456
263	457
263	458
263	459
263	460
264	451
264	452
264	453
264	454
264	455
264	456
264	457
264	458
264	459
264	460
265	451
265	452
265	453
265	454
265	455
265	456
265	457
265	458
265	459
265	460
266	451
266	452
266	453
266	454
266	455
266	456
266	457
266	458
266	459
266	460
267	451
267	452
267	453
267	454
267	455
267	456
267	457
267	458
267	459
267	460
268	451
268	452
268	453
268	454
268	455
268	456
268	457
268	458
268	459
268	460
269	451
269	452
269	453
269	454
269	455
269	456
269	457
269	458
269	459
269	460
270	451
270	452
270	453
270	454
270	455
270	456
270	457
270	458
270	459
270	460
271	451
271	452
271	453
271	454
271	455
271	456
271	457
271	458
271	459
271	460
272	451
272	452
272	453
272	454
272	455
272	456
272	457
272	458
272	459
272	460
273	451
273	452
273	453
273	454
273	455
273	456
273	457
273	458
273	459
273	460
274	451
274	452
274	453
274	454
274	455
274	456
274	457
274	458
274	459
274	460
275	451
275	452
275	453
275	454
275	455
275	456
275	457
275	458
275	459
275	460
276	451
276	452
276	453
276	454
276	455
276	456
276	457
276	458
276	459
276	460
277	451
277	452
277	453
277	454
277	455
277	456
277	457
277	458
277	459
277	460
278	451
278	452
278	453
278	454
278	455
278	456
278	457
278	458
278	459
278	460
279	451
279	452
279	453
279	454
279	455
279	456
279	457
279	458
279	459
279	460
280	451
280	452
280	453
280	454
280	455
280	456
280	457
280	458
280	459
280	460
281	451
281	452
281	453
281	454
281	455
281	456
281	457
281	458
281	459
281	460
282	451
282	452
282	453
282	454
282	455
282	456
282	457
282	458
282	459
282	460
283	451
283	452
283	453
283	454
283	455
283	456
283	457
283	458
283	459
283	460
284	451
284	452
284	453
284	454
284	455
284	456
284	457
284	458
284	459
284	460
285	451
285	452
285	453
285	454
285	455
285	456
285	457
285	458
285	459
285	460
286	451
286	452
286	453
286	454
286	455
286	456
286	457
286	458
286	459
286	460
287	451
287	452
287	453
287	454
287	455
287	456
287	457
287	458
287	459
287	460
288	451
288	452
288	453
288	454
288	455
288	456
288	457
288	458
288	459
288	460
289	451
289	452
289	453
289	454
289	455
289	456
289	457
289	458
289	459
289	460
290	451
290	452
290	453
290	454
290	455
290	456
290	457
290	458
290	459
290	460
291	451
291	452
291	453
291	454
291	455
291	456
291	457
291	458
291	459
291	460
292	451
292	452
292	453
292	454
292	455
292	456
292	457
292	458
292	459
292	460
293	451
293	452
293	453
293	454
293	455
293	456
293	457
293	458
293	459
293	460
294	451
294	452
294	453
294	454
294	455
294	456
294	457
294	458
294	459
294	460
295	451
295	452
295	453
295	454
295	455
295	456
295	457
295	458
295	459
295	460
296	451
296	452
296	453
296	454
296	455
296	456
296	457
296	458
296	459
296	460
297	451
297	452
297	453
297	454
297	455
297	456
297	457
297	458
297	459
297	460
298	451
298	452
298	453
298	454
298	455
298	456
298	457
298	458
298	459
298	460
299	451
299	452
299	453
299	454
299	455
299	456
299	457
299	458
299	459
299	460
300	451
300	452
300	453
300	454
300	455
300	456
300	457
300	458
300	459
300	460
301	451
301	452
301	453
301	454
301	455
301	456
301	457
301	458
301	459
301	460
302	451
302	452
302	453
302	454
302	455
302	456
302	457
302	458
302	459
302	460
303	451
303	452
303	453
303	454
303	455
303	456
303	457
303	458
303	459
303	460
304	451
304	452
304	453
304	454
304	455
304	456
304	457
304	458
304	459
304	460
305	451
305	452
305	453
305	454
305	455
305	456
305	457
305	458
305	459
305	460
306	451
306	452
306	453
306	454
306	455
306	456
306	457
306	458
306	459
306	460
307	451
307	452
307	453
307	454
307	455
307	456
307	457
307	458
307	459
307	460
308	451
308	452
308	453
308	454
308	455
308	456
308	457
308	458
308	459
308	460
309	451
309	452
309	453
309	454
309	455
309	456
309	457
309	458
309	459
309	460
310	451
310	452
310	453
310	454
310	455
310	456
310	457
310	458
310	459
310	460
311	451
311	452
311	453
311	454
311	455
311	456
311	457
311	458
311	459
311	460
312	451
312	452
312	453
312	454
312	455
312	456
312	457
312	458
312	459
312	460
313	451
313	452
313	453
313	454
313	455
313	456
313	457
313	458
313	459
313	460
314	451
314	452
314	453
314	454
314	455
314	456
314	457
314	458
314	459
314	460
315	451
315	452
315	453
315	454
315	455
315	456
315	457
315	458
315	459
315	460
316	451
316	452
316	453
316	454
316	455
316	456
316	457
316	458
316	459
316	460
317	451
317	452
317	453
317	454
317	455
317	456
317	457
317	458
317	459
317	460
318	451
318	452
318	453
318	454
318	455
318	456
318	457
318	458
318	459
318	460
319	451
319	452
319	453
319	454
319	455
319	456
319	457
319	458
319	459
319	460
320	451
320	452
320	453
320	454
320	455
320	456
320	457
320	458
320	459
320	460
321	451
321	452
321	453
321	454
321	455
321	456
321	457
321	458
321	459
321	460
322	451
322	452
322	453
322	454
322	455
322	456
322	457
322	458
322	459
322	460
323	451
323	452
323	453
323	454
323	455
323	456
323	457
323	458
323	459
323	460
324	451
324	452
324	453
324	454
324	455
324	456
324	457
324	458
324	459
324	460
325	451
325	452
325	453
325	454
325	455
325	456
325	457
325	458
325	459
325	460
326	451
326	452
326	453
326	454
326	455
326	456
326	457
326	458
326	459
326	460
327	451
327	452
327	453
327	454
327	455
327	456
327	457
327	458
327	459
327	460
328	451
328	452
328	453
328	454
328	455
328	456
328	457
328	458
328	459
328	460
329	451
329	452
329	453
329	454
329	455
329	456
329	457
329	458
329	459
329	460
330	451
330	452
330	453
330	454
330	455
330	456
330	457
330	458
330	459
330	460
331	451
331	452
331	453
331	454
331	455
331	456
331	457
331	458
331	459
331	460
332	451
332	452
332	453
332	454
332	455
332	456
332	457
332	458
332	459
332	460
333	451
333	452
333	453
333	454
333	455
333	456
333	457
333	458
333	459
333	460
334	451
334	452
334	453
334	454
334	455
334	456
334	457
334	458
334	459
334	460
335	451
335	452
335	453
335	454
335	455
335	456
335	457
335	458
335	459
335	460
336	451
336	452
336	453
336	454
336	455
336	456
336	457
336	458
336	459
336	460
337	451
337	452
337	453
337	454
337	455
337	456
337	457
337	458
337	459
337	460
338	451
338	452
338	453
338	454
338	455
338	456
338	457
338	458
338	459
338	460
339	451
339	452
339	453
339	454
339	455
339	456
339	457
339	458
339	459
339	460
340	451
340	452
340	453
340	454
340	455
340	456
340	457
340	458
340	459
340	460
341	451
341	452
341	453
341	454
341	455
341	456
341	457
341	458
341	459
341	460
342	451
342	452
342	453
342	454
342	455
342	456
342	457
342	458
342	459
342	460
343	451
343	452
343	453
343	454
343	455
343	456
343	457
343	458
343	459
343	460
344	451
344	452
344	453
344	454
344	455
344	456
344	457
344	458
344	459
344	460
345	451
345	452
345	453
345	454
345	455
345	456
345	457
345	458
345	459
345	460
346	451
346	452
346	453
346	454
346	455
346	456
346	457
346	458
346	459
346	460
347	451
347	452
347	453
347	454
347	455
347	456
347	457
347	458
347	459
347	460
348	451
348	452
348	453
348	454
348	455
348	456
348	457
348	458
348	459
348	460
349	451
349	452
349	453
349	454
349	455
349	456
349	457
349	458
349	459
349	460
350	451
350	452
350	453
350	454
350	455
350	456
350	457
350	458
350	459
350	460
351	451
351	452
351	453
351	454
351	455
351	456
351	457
351	458
351	459
351	460
352	451
352	452
352	453
352	454
352	455
352	456
352	457
352	458
352	459
352	460
353	451
353	452
353	453
353	454
353	455
353	456
353	457
353	458
353	459
353	460
354	451
354	452
354	453
354	454
354	455
354	456
354	457
354	458
354	459
354	460
355	451
355	452
355	453
355	454
355	455
355	456
355	457
355	458
355	459
355	460
356	451
356	452
356	453
356	454
356	455
356	456
356	457
356	458
356	459
356	460
357	451
357	452
357	453
357	454
357	455
357	456
357	457
357	458
357	459
357	460
358	451
358	452
358	453
358	454
358	455
358	456
358	457
358	458
358	459
358	460
359	451
359	452
359	453
359	454
359	455
359	456
359	457
359	458
359	459
359	460
360	451
360	452
360	453
360	454
360	455
360	456
360	457
360	458
360	459
360	460
361	451
361	452
361	453
361	454
361	455
361	456
361	457
361	458
361	459
361	460
362	451
362	452
362	453
362	454
362	455
362	456
362	457
362	458
362	459
362	460
363	451
363	452
363	453
363	454
363	455
363	456
363	457
363	458
363	459
363	460
364	451
364	452
364	453
364	454
364	455
364	456
364	457
364	458
364	459
364	460
365	451
365	452
365	453
365	454
365	455
365	456
365	457
365	458
365	459
365	460
366	451
366	452
366	453
366	454
366	455
366	456
366	457
366	458
366	459
366	460
367	451
367	452
367	453
367	454
367	455
367	456
367	457
367	458
367	459
367	460
368	451
368	452
368	453
368	454
368	455
368	456
368	457
368	458
368	459
368	460
369	451
369	452
369	453
369	454
369	455
369	456
369	457
369	458
369	459
369	460
370	451
370	452
370	453
370	454
370	455
370	456
370	457
370	458
370	459
370	460
371	451
371	452
371	453
371	454
371	455
371	456
371	457
371	458
371	459
371	460
372	451
372	452
372	453
372	454
372	455
372	456
372	457
372	458
372	459
372	460
373	451
373	452
373	453
373	454
373	455
373	456
373	457
373	458
373	459
373	460
374	451
374	452
374	453
374	454
374	455
374	456
374	457
374	458
374	459
374	460
375	451
375	452
375	453
375	454
375	455
375	456
375	457
375	458
375	459
375	460
376	451
376	452
376	453
376	454
376	455
376	456
376	457
376	458
376	459
376	460
377	451
377	452
377	453
377	454
377	455
377	456
377	457
377	458
377	459
377	460
378	451
378	452
378	453
378	454
378	455
378	456
378	457
378	458
378	459
378	460
379	451
379	452
379	453
379	454
379	455
379	456
379	457
379	458
379	459
379	460
380	451
380	452
380	453
380	454
380	455
380	456
380	457
380	458
380	459
380	460
381	451
381	452
381	453
381	454
381	455
381	456
381	457
381	458
381	459
381	460
382	451
382	452
382	453
382	454
382	455
382	456
382	457
382	458
382	459
382	460
383	451
383	452
383	453
383	454
383	455
383	456
383	457
383	458
383	459
383	460
384	451
384	452
384	453
384	454
384	455
384	456
384	457
384	458
384	459
384	460
385	451
385	452
385	453
385	454
385	455
385	456
385	457
385	458
385	459
385	460
386	451
386	452
386	453
386	454
386	455
386	456
386	457
386	458
386	459
386	460
387	451
387	452
387	453
387	454
387	455
387	456
387	457
387	458
387	459
387	460
388	451
388	452
388	453
388	454
388	455
388	456
388	457
388	458
388	459
388	460
389	451
389	452
389	453
389	454
389	455
389	456
389	457
389	458
389	459
389	460
390	451
390	452
390	453
390	454
390	455
390	456
390	457
390	458
390	459
390	460
391	451
391	452
391	453
391	454
391	455
391	456
391	457
391	458
391	459
391	460
392	451
392	452
392	453
392	454
392	455
392	456
392	457
392	458
392	459
392	460
393	451
393	452
393	453
393	454
393	455
393	456
393	457
393	458
393	459
393	460
394	451
394	452
394	453
394	454
394	455
394	456
394	457
394	458
394	459
394	460
395	451
395	452
395	453
395	454
395	455
395	456
395	457
395	458
395	459
395	460
396	451
396	452
396	453
396	454
396	455
396	456
396	457
396	458
396	459
396	460
397	451
397	452
397	453
397	454
397	455
397	456
397	457
397	458
397	459
397	460
398	451
398	452
398	453
398	454
398	455
398	456
398	457
398	458
398	459
398	460
399	451
399	452
399	453
399	454
399	455
399	456
399	457
399	458
399	459
399	460
400	451
400	452
400	453
400	454
400	455
400	456
400	457
400	458
400	459
400	460
401	451
401	452
401	453
401	454
401	455
401	456
401	457
401	458
401	459
401	460
402	451
402	452
402	453
402	454
402	455
402	456
402	457
402	458
402	459
402	460
403	451
403	452
403	453
403	454
403	455
403	456
403	457
403	458
403	459
403	460
404	451
404	452
404	453
404	454
404	455
404	456
404	457
404	458
404	459
404	460
405	451
405	452
405	453
405	454
405	455
405	456
405	457
405	458
405	459
405	460
406	451
406	452
406	453
406	454
406	455
406	456
406	457
406	458
406	459
406	460
407	451
407	452
407	453
407	454
407	455
407	456
407	457
407	458
407	459
407	460
408	451
408	452
408	453
408	454
408	455
408	456
408	457
408	458
408	459
408	460
409	451
409	452
409	453
409	454
409	455
409	456
409	457
409	458
409	459
409	460
410	451
410	452
410	453
410	454
410	455
410	456
410	457
410	458
410	459
410	460
411	451
411	452
411	453
411	454
411	455
411	456
411	457
411	458
411	459
411	460
412	451
412	452
412	453
412	454
412	455
412	456
412	457
412	458
412	459
412	460
413	451
413	452
413	453
413	454
413	455
413	456
413	457
413	458
413	459
413	460
414	451
414	452
414	453
414	454
414	455
414	456
414	457
414	458
414	459
414	460
415	451
415	452
415	453
415	454
415	455
415	456
415	457
415	458
415	459
415	460
416	451
416	452
416	453
416	454
416	455
416	456
416	457
416	458
416	459
416	460
417	451
417	452
417	453
417	454
417	455
417	456
417	457
417	458
417	459
417	460
418	451
418	452
418	453
418	454
418	455
418	456
418	457
418	458
418	459
418	460
419	451
419	452
419	453
419	454
419	455
419	456
419	457
419	458
419	459
419	460
420	451
420	452
420	453
420	454
420	455
420	456
420	457
420	458
420	459
420	460
421	451
421	452
421	453
421	454
421	455
421	456
421	457
421	458
421	459
421	460
422	451
422	452
422	453
422	454
422	455
422	456
422	457
422	458
422	459
422	460
423	451
423	452
423	453
423	454
423	455
423	456
423	457
423	458
423	459
423	460
424	451
424	452
424	453
424	454
424	455
424	456
424	457
424	458
424	459
424	460
425	451
425	452
425	453
425	454
425	455
425	456
425	457
425	458
425	459
425	460
426	451
426	452
426	453
426	454
426	455
426	456
426	457
426	458
426	459
426	460
427	451
427	452
427	453
427	454
427	455
427	456
427	457
427	458
427	459
427	460
428	451
428	452
428	453
428	454
428	455
428	456
428	457
428	458
428	459
428	460
429	451
429	452
429	453
429	454
429	455
429	456
429	457
429	458
429	459
429	460
430	451
430	452
430	453
430	454
430	455
430	456
430	457
430	458
430	459
430	460
431	451
431	452
431	453
431	454
431	455
431	456
431	457
431	458
431	459
431	460
432	451
432	452
432	453
432	454
432	455
432	456
432	457
432	458
432	459
432	460
433	451
433	452
433	453
433	454
433	455
433	456
433	457
433	458
433	459
433	460
434	451
434	452
434	453
434	454
434	455
434	456
434	457
434	458
434	459
434	460
435	451
435	452
435	453
435	454
435	455
435	456
435	457
435	458
435	459
435	460
436	451
436	452
436	453
436	454
436	455
436	456
436	457
436	458
436	459
436	460
437	451
437	452
437	453
437	454
437	455
437	456
437	457
437	458
437	459
437	460
438	451
438	452
438	453
438	454
438	455
438	456
438	457
438	458
438	459
438	460
439	451
439	452
439	453
439	454
439	455
439	456
439	457
439	458
439	459
439	460
440	451
440	452
440	453
440	454
440	455
440	456
440	457
440	458
440	459
440	460
441	451
441	452
441	453
441	454
441	455
441	456
441	457
441	458
441	459
441	460
442	451
442	452
442	453
442	454
442	455
442	456
442	457
442	458
442	459
442	460
443	451
443	452
443	453
443	454
443	455
443	456
443	457
443	458
443	459
443	460
444	451
444	452
444	453
444	454
444	455
444	456
444	457
444	458
444	459
444	460
445	451
445	452
445	453
445	454
445	455
445	456
445	457
445	458
445	459
445	460
446	451
446	452
446	453
446	454
446	455
446	456
446	457
446	458
446	459
446	460
447	451
447	452
447	453
447	454
447	455
447	456
447	457
447	458
447	459
447	460
448	451
448	452
448	453
448	454
448	455
448	456
448	457
448	458
448	459
448	460
449	451
449	452
449	453
449	454
449	455
449	456
449	457
449	458
449	459
449	460
450	451
450	452
450	453
450	454
450	455
450	456
450	457
450	458
450	459
450	460
451	452
451	453
451	454
451	455
451	456
451	457
451	458
451	459
451	460
452	453
452	454
452	455
452	456
452	457
452	458
452	459
452	460
453	454
453	455
453	456
453	457
453	458
453	459
453	460
454	455
454	456
454	457
454	458
454	459
454	460
455	456
455	457
455	458
455	459
455	460
456	457
456	458
456	459
456	460
457	458
457	459
457	460
458	459
458	460
459	460
